Max Depth,Accuracy
10,0.682101977
15,0.747832119
20,0.836975373
25,0.890912244
30,0.902878946
35,0.919528269
40,0.923170309
45,0.923170309
50,0.923170309
55,0.923170309
